Player,ewins,team_alias,pos_text,age,mpg,2025-26,production_value,diff
Victor Wembanyama,13.487,SAS,C,22,29.2069,13376880,51250600.0,37873720.0
Jalen Duren,9.62928,DET,C,22,28.1905,6483144,36591264.0,30108120.0
Collin Gillespie,7.83112,PHX,PG,26,28.8889,2296274,29758256.0,27461982.0
Kon Knueppel,9.64945,CHA,SF,20,31.5,10015680,36667910.0,26652230.0
Shai Gilgeous-Alexander,16.9656,OKC,PG,27,33.4426,38333050,64469279.99999999,26136229.999999993
Chet Holmgren,10.4449,OKC,C,23,29.2222,13731368,39690620.0,25959252.0
Amen Thompson,9.37232,HOU,SG,22,37.2714,9690600,35614816.0,25924216.0
Dyson Daniels,8.23497,ATL,SG,22,33.1594,7707709,31292886.000000004,23585177.000000004
Neemias Queta,6.7712,BOS,C,26,25.1618,2349578,25730560.0,23380982.0
Julian Champagnie,6.62512,SAS,SF,24,27.7123,3000000,25175456.0,22175456.0
Donovan Clingan,7.69028,POR,C,21,27.2319,7178400,29223064.0,22044664.0
Derrick White,12.3381,BOS,SG,31,34.2609,28100000,46884780.0,18784780.0
Toumani Camara,5.48702,POR,SG,25,33.1216,2221677,20850676.0,18628999.0
Moussa Diabate,5.49866,CHA,C,23,26.0,2270735,20894908.0,18624173.0
Payton Pritchard,6.7377,BOS,PG,27,32.5,7232143,25603260.0,18371117.0
Ryan Rollins,5.8732,MIL,PG,23,32.1429,4000000,22318160.0,18318160.0
Stephon Castle,7.29352,SAS,SG,21,29.623,9560520,27715376.0,18154856.0
Ausar Thompson,6.7665,DET,SG,22,25.9375,8775000,25712700.0,16937700.0
Donte DiVincenzo,7.59079,MIN,PG,28,30.9178,11990000,28845002.0,16855002.0
Cason Wallace,5.81071,OKC,SG,22,26.9571,5820240,22080698.0,16260458.0
Ajay Mitchell,4.88028,OKC,SG,23,26.12,3000000,18545064.0,15545064.0
Sandro Mamukelashvili,4.53471,TOR,C,26,21.7714,2461463,17231898.0,14770435.0
Brandon Miller,6.99315,CHA,SG,23,30.1071,11968800,26573970.0,14605170.0
Jaylon Tyson,4.44347,CLE,SF,23,26.9844,3492480,16885186.0,13392706.0
Nickeil Alexander-Walker,7.45949,ATL,PG,27,33.0857,15161800,28346062.0,13184262.0
Saddiq Bey,5.01639,NOP,SF,26,31.0597,6118644,19062282.0,12943638.0
Austin Reaves,7.03341,LAL,SG,27,34.6809,13937574,26726958.0,12789384.0
Jordan Goodwin,3.87453,PHX,SF,27,22.4762,2349578,14723214.0,12373636.0
Oso Ighodaro,3.57925,PHX,C,23,21.9452,1955377,13601150.0,11645773.0
Matas Buzelis,4.47423,CHI,PF,21,29.1408,5455560,17002074.0,11546514.0
Cam Spencer,3.68915,MEM,PG,25,23.8971,2537989,14018770.0,11480781.0
Brandin Podziemski,3.95485,GSW,SG,22,28.3699,3687960,15028430.0,11340470.0
Wendell Carter Jr.,5.80666,ORL,C,26,29.6522,10850000,22065308.0,11215308.0
Kris Dunn,4.29115,LAC,SG,31,27.4932,5426400,16306370.0,10879970.0
Pelle Larsson,3.3553,MIA,SF,24,25.871,1955377,12750140.0,10794763.0
Kel'el Ware,3.97062,MIA,C,21,22.4559,4443360,15088356.0,10644996.0
Keyonte George,3.87861,UTA,PG,22,33.0741,4278960,14738718.0,10459758.0
Javonte Green,3.18838,DET,SG,32,17.7123,2296274,12115844.0,9819570.0
Jabari Smith Jr.,5.82302,HOU,SF,22,35.2059,12350392,22127476.0,9777084.0
Jaylen Wells,2.99022,MEM,SF,22,26.3913,1955377,11362836.0,9407459.0
VJ Edgecombe,5.34583,PHI,SG,20,34.9394,11108880,20314154.0,9205274.0
Kevin Porter Jr.,3.76771,MIL,SG,25,33.1842,5134000,14317298.0,9183298.0
Moses Moody,5.41655,GSW,SF,23,25.6667,11574075,20582890.0,9008815.0
Miles McBride,3.47782,NYK,SG,25,28.0,4333333,13215716.0,8882383.0
Russell Westbrook,2.88881,SAC,SG,37,28.9375,2296274,10977478.0,8681204.0
Peyton Watson,3.37768,DEN,PF,23,30.2941,4356476,12835184.0,8478708.0
Deni Avdija,5.98553,POR,SF,25,32.5085,14375000,22745014.0,8370014.0
Tim Hardaway Jr.,2.75464,DEN,SG,33,26.9178,2296274,10467632.0,8171358.0
Luka Doncic,14.2106,LAL,PG,26,35.9016,45999660,54000280.0,8000620.0
Precious Achiuwa,2.54606,SAC,PF,26,23.2769,2111516,9675028.0,7563512.0
Mikal Bridges,8.53508,NYK,SF,29,33.3649,24900000,32433304.000000004,7533304.000000004
Bones Hyland,2.48719,MIN,PG,25,15.7188,2296274,9451322.0,7155048.0
Gary Payton II,2.43576,GSW,SF,33,15.0308,2296274,9255888.0,6959614.0
Quinten Post,2.33946,GSW,C,25,17.4848,1955377,8889948.0,6934571.0
Sam Merrill,4.02534,CLE,SF,29,26.3404,8482144,15296292.0,6814148.0
Davion Mitchell,4.83528,MIA,PG,27,28.3548,11600000,18374064.0,6774064.0
Josh Okogie,2.32829,HOU,SG,27,17.7246,2296274,8847502.0,6551228.0
Dru Smith,2.32317,MIA,PG,28,16.7463,2378870,8828046.0,6449176.0
Day'Ron Sharpe,3.32534,BKN,C,24,18.7097,6250000,12636292.0,6386292.0
Luka Garza,2.28311,BOS,C,27,15.7903,2461463,8675818.0,6214355.0
Paul Reed,3.01141,DET,C,26,13.2679,5335894,11443358.0,6107464.0
Jamal Shead,2.1166,TOR,PG,23,22.1667,1955377,8043080.0,6087703.0
Naji Marshall,3.96839,DAL,PF,27,29.6429,9000000,15079882.0,6079882.0
Jordan Walsh,2.16081,BOS,PF,21,17.1897,2221677,8211078.0,5989401.0
Josh Minott,2.17839,BKN,PF,23,16.5556,2378870,8277881.999999999,5899011.999999999
Cedric Coward,3.04558,MEM,SF,22,25.9818,5715120,11573204.0,5858084.0
Jock Landale,2.14428,ATL,C,30,22.0758,2296274,8148264.000000001,5851990.000000001
Duncan Robinson,5.9699,DET,SF,31,27.7857,16834692,22685620.0,5850928.0
Gui Santos,2.11675,GSW,SF,23,19.7097,2221677,8043650.000000001,5821973.000000001
Anthony Black,3.6067,ORL,SG,21,30.6833,7970280,13705460.0,5735180.0
Landry Shamet,2.0942,NYK,SG,28,23.0217,2296274,7957959.999999999,5661685.999999999
De'Anthony Melton,2.28046,GSW,PG,27,22.8571,3080921,8665748.0,5584827.0
Sam Hauser,4.09141,BOS,PF,28,24.5362,10044644,15547358.0,5502714.0
Tristan da Silva,2.44171,ORL,SF,24,24.7353,3809520,9278498.0,5468978.0
AJ Green,2.03126,MIL,SG,26,28.4853,2301587,7718788.0,5417201.0
Ryan Dunn,2.11891,PHX,SF,23,19.5556,2657760,8051858.0,5394098.0
Reed Sheppard,4.1617,HOU,PG,21,26.3056,10603560,15814459.999999998,5210899.999999998
Kyshawn George,2.07094,WAS,PF,22,28.9792,2966760,7869571.999999999,4902811.999999999
Paolo Banchero,5.30134,ORL,PF,23,35.0317,15334769,20145092.0,4810323.0
Justin Champagnie,1.86504,WAS,SF,24,19.3443,2349578,7087152.0,4737574.0
Baylor Scheierman,1.92951,BOS,SF,25,17.4412,2619000,7332138.0,4713138.0
Trey Murphy III,7.81065,NOP,SF,25,35.5,25000000,29680470.0,4680470.0
Will Richard,1.56329,GSW,SG,23,20.3333,1272870,5940502.0,4667632.0
Tyrese Maxey,11.1813,PHI,PG,25,38.2623,37958760,42488940.0,4530180.0
Spencer Jones,1.34788,DEN,SF,24,22.5323,623967,5121944.0,4497977.0
Mouhamed Gueye,1.7246,ATL,PF,23,15.3623,2221677,6553480.0,4331803.0
Dominick Barlow,2.02674,PHI,PF,22,24.1613,3415000,7701612.000000001,4286612.000000001
Jaime Jaquez Jr.,2.11567,MIA,PF,24,28.303,3861600,8039546.000000001,4177946.000000001
Christian Braun,2.37956,DEN,SF,24,31.7895,4921797,9042328.0,4120531.0
Mark Williams,2.7291,PHX,C,24,23.5893,6276531,10370580.0,4094049.0
Ayo Dosunmu,3.01807,MIN,SG,25,26.746,7518518,11468666.0,3950148.0
Brandon Williams,1.62121,DAL,PG,26,21.9508,2270735,6160598.0,3889863.0
Nikola Jokic,15.5489,DEN,C,30,34.8276,55224526,59085820.0,3861294.0
Karlo Matkovic,1.50846,NOP,C,24,14.6333,1955377,5732148.0,3776771.0
Svi Mykhailiuk,1.90046,UTA,SF,28,23.3958,3675000,7221748.0,3546748.0
Jalen Smith,3.29453,CHI,C,25,20.6604,9000000,12519214.0,3519214.0
Tre Jones,3.01823,CHI,SG,26,27.0364,8000000,11469274.0,3469274.0
Jaylin Williams,3.13407,OKC,C,23,20.0172,8450704,11909466.0,3458762.0
Brook Lopez,3.20055,LAC,C,37,20.9545,8750000,12162090.0,3412090.0
Derrick Jones Jr.,3.5166,LAC,PF,28,27.4878,10000000,13363080.0,3363080.0
Ryan Kalkbrenner,1.48889,CHA,C,23,21.7833,2296274,5657782.0,3361508.0
Tari Eason,2.37739,HOU,SF,24,25.92,5675766,9034082.0,3358316.0
Jalen Williams,2.60458,OKC,PF,24,28.5357,6580997,9897404.0,3316407.0
Collin Murray-Boyles,2.52208,TOR,C,20,22.1837,6332520,9583904.0,3251384.0
Jose Alvarado,2.03633,NYK,PG,27,19.7778,4500000,7738054.0,3238054.0
Dean Wade,2.59424,CLE,PF,29,22.4386,6623456,9858112.0,3234656.0
Olivier-Maxence Prosper,1.11182,MEM,PF,23,18.3542,1002360,4224916.0,3222556.0
Yves Missi,1.72948,NOP,C,21,19.1311,3353040,6572024.0,3218984.0
Kobe Sanders,0.958388,LAC,SF,23,20.4,475497,3641874.4,3166377.4
Hugo Gonzalez,1.52121,BOS,SF,19,15.194,2783880,5780598.0,2996718.0
Craig Porter Jr.,1.3317,CLE,PG,25,17.6379,2221677,5060460.0,2838783.0
Thomas Bryant,1.34981,CLE,C,28,11.5273,2296274,5129278.0,2833004.0
Myron Gardner,0.766904,MIA,SF,24,9.92308,395029,2914235.2,2519206.2
Sion James,1.26186,CHA,SF,23,22.8219,2296274,4795068.0,2498794.0
Jordan Miller,0.822439,LAC,SG,25,21.6863,712637,3125268.2,2412631.2
Ja'Kobe Walter,1.5909,TOR,SG,21,19.1613,3638160,6045420.0,2407260.0
Vit Krejci,1.20859,POR,SF,25,21.6719,2349578,4592642.0,2243064.0
Onyeka Okongwu,4.51083,ATL,C,25,30.8806,15000000,17141154.0,2141154.0
Marvin Bagley III,1.15738,DAL,C,26,19.8364,2296274,4398044.0,2101770.0
Daniss Jenkins,1.54248,DET,PG,24,18.9683,3809524,5861424.0,2051900.0
Jaxson Hayes,1.43891,LAL,C,25,17.9344,3449323,5467858.0,2018535.0
Nae'Qwan Tomlin,0.720174,CLE,PF,25,15.3684,718150,2736661.1999999997,2018511.1999999997
Vince Williams Jr.,1.123,UTA,PG,25,20.475,2301587,4267400.0,1965813.0
Kelly Oubre Jr.,2.71874,PHI,SF,30,32.4146,8382150,10331212.0,1949062.0
Keon Ellis,1.11661,CLE,SG,26,19.9844,2301587,4243118.0,1941531.0
Max Christie,2.47836,DAL,SG,22,29.4853,7714286,9417768.0,1703482.0
GG Jackson,1.03118,MEM,PF,21,20.76,2221677,3918484.0,1696807.0
Kyle Filipowski,1.22527,UTA,C,22,22.9429,3000000,4656026.0,1656026.0
Noah Clowney,1.28768,BKN,PF,21,27.3387,3398640,4893184.0,1494544.0
Quentin Grimes,2.68957,PHI,SG,25,30.0909,8741209,10220366.0,1479157.0
Clint Capela,2.13474,HOU,C,31,12.3692,6700000,8112011.999999999,1412011.999999999
Bryce McGowens,0.549976,NOP,SG,23,20.9524,724598,2089908.8,1365310.8
Jalen Brunson,9.54279,NYK,PG,29,34.9706,34944001,36262602.0,1318601.0
Isaiah Joe,3.58004,OKC,SG,26,21.8125,12362338,13604152.0,1241814.0
Brice Sensabaugh,1.03212,UTA,SG,22,22.806,2693760,3922055.9999999995,1228295.9999999995
Trayce Jackson-Davis,0.905923,TOR,C,25,9.79167,2221677,3442507.4,1220830.4
Tyler Kolek,0.888078,NYK,PG,24,11.5667,2191897,3374696.4,1182799.4
Jaylen Clark,0.878719,MIN,SG,24,12.4754,2191897,3339132.2,1147235.2000000002
Sidy Cissoko,0.452568,POR,PF,21,20.4478,686243,1719758.4000000001,1033515.4000000001
Kris Murray,1.09337,POR,PF,25,23.551,3132000,4154806.0,1022806.0
Bilal Coulibaly,2.1825,WAS,SF,21,26.68,7275600,8293500.0,1017900.0
Jarrett Allen,5.51777,CLE,C,27,27.5294,20000000,20967526.0,967526.0
Tyrese Proctor,0.585195,CLE,SG,21,10.2791,1272870,2223741.0,950871.0
Jabari Walker,0.43615,PHI,PF,23,12.35,724598,1657370.0,932772.0
Jay Huff,0.861192,IND,C,28,20.8904,2349578,3272529.5999999996,922951.5999999996
Kasparas Jakucionis,1.19622,MIA,SG,19,17.3404,3658800,4545636.0,886836.0
Jake LaRavia,1.8122,LAL,SF,24,24.6986,6000000,6886360.0,886360.0
Adem Bona,0.743884,PHI,C,22,17.6349,1955377,2826759.2,871382.2000000002
Simone Fontecchio,2.38802,MIA,SF,30,17.1562,8307692,9074476.0,766784.0
Rasheer Fleming,0.52769,PHX,PF,21,11.2979,1272870,2005222.0,732352.0
Goga Bitadze,2.31672,ORL,C,26,15.0,8333333,8803536.0,470203.0
Micah Potter,0.520943,IND,PF,27,18.6053,1527805,1979583.4000000001,451778.40000000014
Leonard Miller,0.629224,CHI,SF,22,11.9722,2221677,2391051.2,169374.2000000002
Cooper Flagg,3.6756,DAL,SF,19,33.8361,13825920,13967280.0,141360.0
Luke Kornet,2.93096,SAS,C,30,21.0492,11000000,11137648.0,137648.0
Ziaire Williams,1.67737,BKN,SG,24,22.8302,6250000,6374006.0,124006.0
Mohamed Diawara,0.360141,NYK,PF,20,9.01587,1272870,1368535.8,95665.80000000005
Cameron Payne,0.208934,PHI,PG,31,18.3684,712637,793949.2000000001,81312.20000000007
Jalen Pickett,0.588728,DEN,PG,26,16.3778,2221677,2237166.4,15489.399999999907
Dylan Harper,3.25468,SAS,PG,19,22.3333,12370320,12367784.0,-2536.0
Al Horford,1.49236,GSW,C,39,21.6977,5685000,5670968.0,-14032.0
Malachi Smith,0.00482713,BKN,SG,26,19.2857,73153,18343.094,-54809.906
Malachi Smith,0.00482713,BKN,SG,26,19.2857,73153,18343.094,-54809.906
Kadary Richmond,0.00259732,WAS,SF,24,22.0,73153,9869.816,-63283.184
Danny Wolf,0.715722,BKN,PF,21,20.8246,2801280,2719743.6,-81536.3999999999
Norman Powell,5.36831,MIA,SG,32,30.1481,20482758,20399578.0,-83180.0
Alondes Williams,0.0105485,WAS,SF,26,25.0,131970,40084.3,-91885.7
Patrick Baldwin Jr.,0.0340133,SAC,PF,23,11.3333,263940,129250.54000000001,-134689.46
Patrick Baldwin Jr.,0.0340133,SAC,PF,23,11.3333,263940,129250.54000000001,-134689.46
Pat Spencer,0.183478,GSW,PG,29,17.5789,857804,697216.4,-160587.59999999998
Marcus Sasser,0.705339,DET,SG,25,12.6897,2886720,2680288.2,-206431.7999999998
Grayson Allen,4.38123,PHX,SG,30,29.6444,16875000,16648674.000000002,-226325.99999999814
Johnny Furphy,0.449046,IND,SF,21,18.7143,1955377,1706374.8,-249002.19999999995
Monte Morris,-0.000381219,IND,PG,30,10.6667,321184,-1448.6322,-322632.6322
Killian Hayes,-0.0208772,SAC,SG,24,16.4,263940,-79333.36,-343273.36
Killian Hayes,-0.0208772,SAC,SG,24,16.4,263940,-79333.36,-343273.36
Garrison Mathews,0.0200826,IND,SF,29,13.0667,429325,76313.87999999999,-353011.12
Garrison Mathews,0.0200826,IND,SF,29,13.0667,429325,76313.87999999999,-353011.12
Garrison Mathews,0.0200826,IND,SF,29,13.0667,429325,76313.87999999999,-353011.12
Caleb Houstan,0.084454,ATL,SF,23,4.25,699440,320925.2,-378514.8
Ariel Hukporti,0.402428,NYK,C,23,8.66,1955377,1529226.4000000001,-426150.59999999986
Chaz Lanier,0.214083,DET,SG,24,7.96296,1372870,813515.4,-559354.6
Julian Strawther,0.54577,DEN,SF,23,14.6122,2674200,2073926.0,-600274.0
Christian Koloko,-0.0950059,ATL,C,25,13.3333,263940,-361022.42000000004,-624962.42
Christian Koloko,-0.0950059,ATL,C,25,13.3333,263940,-361022.42000000004,-624962.42
Amari Williams,-0.049884,BOS,C,23,6.31579,490128,-189559.19999999998,-679687.2
Justin Edwards,0.360197,PHI,SF,22,15.6491,2048494,1368748.5999999999,-679745.4000000001
Jeremiah Robinson-Earl,-0.146159,DAL,PF,25,16.3636,131970,-555404.2000000001,-687374.2000000001
Jeremiah Robinson-Earl,-0.146159,DAL,PF,25,16.3636,131970,-555404.2000000001,-687374.2000000001
Jeremiah Robinson-Earl,-0.146159,DAL,PF,25,16.3636,131970,-555404.2000000001,-687374.2000000001
Jeremiah Robinson-Earl,-0.146159,DAL,PF,25,16.3636,131970,-555404.2000000001,-687374.2000000001
Mitchell Robinson,3.21697,NYK,C,27,19.6182,12954546,12224486.0,-730060.0
Dwight Powell,0.843566,DAL,C,34,13.5,4000000,3205550.8000000003,-794449.1999999997
Ty Jerome,2.0639,MEM,SG,28,22.5333,8781000,7842819.999999999,-938180.0000000009
Asa Newell,0.581939,ATL,PF,20,11.1,3237480,2211368.1999999997,-1026111.8000000003
Zach Edey,1.3187,MEM,C,23,25.7273,6045000,5011060.0,-1033940.0
Scotty Pippen Jr.,0.305205,MEM,PG,25,21.1,2270735,1159779.0,-1110956.0
James Wiseman,-0.00220363,IND,C,24,14.5,1131970,-8373.794,-1140343.794
James Wiseman,-0.00220363,IND,C,24,14.5,1131970,-8373.794,-1140343.794
T.J. McConnell,2.37847,IND,PG,33,17.2222,10200000,9038186.0,-1161814.0
Jaden McDaniels,6.10915,MIN,SF,25,31.8592,24393104,23214770.0,-1178334.0
Maxime Raynaud,0.0146238,SAC,C,22,25.9697,1272870,55570.439999999995,-1217299.56
Jared McCain,0.785362,OKC,PG,21,17.6552,4221360,2984375.6,-1236984.4
Drew Timme,0.186883,LAL,PF,25,8.52381,1955377,710155.4,-1245221.6
Duop Reath,0.256356,ATL,C,29,8.0625,2221677,974152.7999999999,-1247524.2000000002
DeAndre Jordan,0.266425,NOP,C,37,16.2727,2269880,1012415.0000000001,-1257465.0
Keshad Johnson,0.180915,MIA,PF,24,7.88462,1955377,687477.0,-1267900.0
Royce O'Neale,2.31871,PHX,SF,32,29.0714,10125000,8811098.0,-1313902.0
Jamison Battle,0.165219,TOR,SF,24,9.05556,1955377,627832.2000000001,-1327544.7999999998
Aaron Holiday,0.248672,HOU,SG,29,13.1915,2296274,944953.6,-1351320.4
Noah Penda,-0.0212845,ORL,SF,21,13.566,1272870,-80881.1,-1353751.1
Jase Richardson,0.424918,ORL,PG,20,11.3125,2983320,1614688.4000000001,-1368631.5999999999
Amir Coffey,0.236753,PHX,SF,28,10.1628,2296274,899661.4,-1396612.6
E.J. Liddell,-0.189363,BKN,PF,25,9.10526,706898,-719579.4,-1426477.4
Seth Curry,0.085238,GSW,PG,35,12.75,1755198,323904.39999999997,-1431293.6
Julian Phillips,0.207379,MIN,SF,22,8.46512,2221677,788040.2000000001,-1433636.7999999998
Keaton Wallace,0.226302,ATL,PG,26,9.97959,2296274,859947.6,-1436326.4
Josh Hart,4.72197,NYK,SF,30,30.2203,19472240,17943486.0,-1528754.0
Adou Thiero,-0.0744833,LAL,SF,21,5.3,1272870,-283036.54000000004,-1555906.54
Marcus Smart,4.82493,LAL,SG,31,28.75,19920855,18334734.0,-1586121.0
Marcus Smart,4.82493,LAL,SG,31,28.75,19920855,18334734.0,-1586121.0
Robert Williams III,3.0671,POR,C,28,16.9608,13285713,11654980.0,-1630733.0
Johni Broome,-0.100678,PHI,C,23,4.90909,1272870,-382576.4,-1655446.4
Doug McDermott,0.156274,SAC,PF,34,14.0455,2296274,593841.2,-1702432.8
Jeff Green,0.115143,HOU,PF,39,5.25926,2296274,437543.39999999997,-1858730.6
Tyrese Martin,0.0791586,PHI,SF,26,17.2222,2191897,300802.68,-1891094.32
Coby White,2.89224,CHA,SG,25,26.2619,12888889,10990512.0,-1898377.0
JD Davison,0.0970027,HOU,PG,23,7.32,2270735,368610.26,-1902124.74
Cam Christie,0.0135286,LAC,SG,20,9.2449,1955377,51408.68,-1903968.32
Liam McNeeley,0.218466,CHA,SF,20,12.1379,2763960,830170.7999999999,-1933789.2000000002
Eric Gordon,0.0799436,PHI,SF,37,12.1667,2296274,303785.68,-1992488.32
Derik Queen,0.829708,NOP,PF,21,24.4521,5157960,3152890.4,-2005069.6
Andre Drummond,0.787341,PHI,C,32,19.6909,5000000,2991895.8,-2008104.2000000002
Bobi Klintman,-0.0332444,DET,PF,22,5.91667,1955377,-126328.72,-2081705.72
Shaedon Sharpe,1.65956,POR,SG,22,29.4694,8399983,6306328.0,-2093655.0
Nique Clifford,0.261592,SAC,SG,23,23.8806,3108120,994049.6,-2114070.4
DaRon Holmes II,0.283184,DEN,C,23,9.38095,3218760,1076099.2,-2142660.8
Micah Peavy,-0.232451,NOP,SF,24,13.3774,1272870,-883313.7999999999,-2156183.8
Jonathan Mogbo,-0.059711,TOR,C,24,6.21875,1955377,-226901.8,-2182278.8
Thanasis Antetokounmpo,0.0150117,MIL,PF,33,3.63333,2296274,57044.46,-2239229.54
Chris Boucher,0.0121399,BOS,C,33,9.5,2296274,46131.62,-2250142.38
Bam Adebayo,9.15773,MIA,C,28,32.1094,37096620,34799374.0,-2297246.0
Larry Nance Jr.,-0.0172203,CLE,C,33,12.1379,2296274,-65437.14000000001,-2361711.14
Bronny James,-0.119772,LAL,PG,21,6.97059,1955377,-455133.60000000003,-2410510.6
Julius Randle,7.48117,MIN,PF,31,33.1096,30864198,28428446.0,-2435752.0
Garrett Temple,-0.0369902,TOR,SG,39,3.31579,2296274,-140562.76,-2436836.76
Lindy Waters III,-0.0393096,SAS,SG,28,7.18421,2296274,-149376.48,-2445650.48
Pacome Dadiet,0.0969446,NYK,SF,20,3.72,2847600,368389.48000000004,-2479210.52
Hunter Tyson,-0.0687268,DEN,PF,25,7.66667,2221677,-261161.84000000003,-2482838.84
Moritz Wagner,0.646133,ORL,C,28,12.6452,5000000,2455305.4,-2544694.6
Chris Paul,-0.0707665,TOR,PG,40,14.1875,2296274,-268912.7,-2565186.7
Mason Plumlee,0.117169,SAS,C,35,8.27778,3022108,445242.19999999995,-2576865.8
Mason Plumlee,0.117169,SAS,C,35,8.27778,3022108,445242.19999999995,-2576865.8
Mason Plumlee,0.117169,SAS,C,35,8.27778,3022108,445242.19999999995,-2576865.8
Joe Ingles,-0.0817745,MIN,SF,38,4.08333,2296274,-310743.1,-2607017.1
Jae'Sean Tate,-0.0840342,HOU,SF,30,8.21622,2296274,-319329.96,-2615603.96
Kevin Love,0.396243,UTA,C,37,16.5405,4150000,1505723.4000000001,-2644276.5999999996
Tony Bradley,0.146379,IND,C,28,11.2632,3204816,556240.2000000001,-2648575.8
Tony Bradley,0.146379,IND,C,28,11.2632,3204816,556240.2000000001,-2648575.8
Tony Bradley,0.146379,IND,C,28,11.2632,3204816,556240.2000000001,-2648575.8
Yanic Konan Niederhauser,0.0214248,LAC,C,22,10.3171,2743800,81414.24,-2662385.76
Andre Jackson Jr.,-0.120947,MIL,SF,24,6.5641,2221677,-459598.6,-2681275.6
Taurean Prince,0.154766,MIL,SF,31,20.2941,3303774,588110.7999999999,-2715663.2
Kyle Lowry,-0.120678,PHI,PG,39,8.21429,2296274,-458576.39999999997,-2754850.4
Bennedict Mathurin,1.68399,LAC,SG,23,31.0667,9187573,6399162.0,-2788411.0
Donovan Mitchell,11.4709,CLE,SG,29,33.5781,46394100,43589420.0,-2804680.0
Xavier Tillman,-0.0770298,CHA,C,27,6.2,2546675,-292713.24,-2839388.24
Immanuel Quickley,7.80214,TOR,PG,26,32.4328,32500000,29648132.0,-2851868.0
Jordan McLaughlin,-0.162473,SAS,PG,29,6.5641,2296274,-617397.4,-2913671.4
Nick Smith Jr.,-0.0871655,LAL,SG,21,12.72,2710680,-331228.9,-3041908.9
Anthony Gill,-0.19725,WAS,C,33,14.2889,2296274,-749550.0,-3045824.0
Walker Kessler,0.476989,UTA,C,24,30.6,4878938,1812558.2,-3066379.8
Aaron Wiggins,1.85071,OKC,SF,27,22.5965,10102803,7032698.0,-3070105.0
Ben Sheppard,-0.0825877,IND,SG,24,21.541,2790720,-313833.26,-3104553.26
Carter Bryant,0.469719,SAS,SF,20,10.8871,4900320,1784932.2,-3115387.8
Bismack Biyombo,-0.218824,SAS,C,33,5.73913,2296274,-831531.2,-3127805.2
Nigel Hayes-Davis,-0.303538,PHX,SF,31,7.22222,2048494,-1153444.4,-3201938.4
Nikola Jovic,0.308786,MIA,PF,22,17.2826,4445417,1173386.8,-3272030.2
Keldon Johnson,3.73743,SAS,PF,26,23.1781,17500000,14202234.0,-3297766.0
Aaron Nesmith,2.02541,IND,SG,26,29.5227,11000000,7696558.0,-3303442.0
Kawhi Leonard,12.2042,LAC,SF,34,32.1579,50000000,46375960.0,-3624040.0
Joan Beringer,0.132112,MIN,C,19,6.63636,4201080,502025.60000000003,-3699054.4
Terrence Shannon Jr.,-0.276732,MIN,SF,25,11.1176,2674080,-1051581.5999999999,-3725661.5999999996
D'Angelo Russell,0.487065,WAS,PG,29,19.0,5685000,1850847.0,-3834153.0
Kam Jones,-0.682198,IND,SG,23,15.3226,1272870,-2592352.4,-3865222.4
Jett Howard,0.43028,ORL,SG,22,12.6471,5529720,1635064.0,-3894656.0
Jalen Wilson,-0.443938,BKN,PF,25,14.7234,2221677,-1686964.4,-3908641.4
Drew Eubanks,-0.430799,SAC,C,28,13.1429,2296274,-1637036.2,-3933310.2
Jalen Johnson,6.85802,ATL,PF,24,35.3281,30000000,26060476.0,-3939524.0
Kenrich Williams,0.836483,OKC,PF,31,15.5417,7163000,3178635.4,-3984364.6
Guerschon Yabusele,0.387078,CHI,C,30,13.8333,5500000,1470896.4,-4029103.6
Scottie Barnes,9.09652,TOR,PF,24,33.9429,38661750,34566776.0,-4094974.0
Cam Whitmore,-0.147982,WAS,PF,21,16.8571,3539760,-562331.6,-4102091.6
Kobe Brown,-0.417989,IND,PF,26,13.7358,2654880,-1588358.2,-4243238.2
Alex Sarr,1.98973,WAS,C,20,27.2766,11808240,7560974.0,-4247266.0
Gradey Dick,0.185399,TOR,SF,22,15.0,4990560,704516.2000000001,-4286043.8
Jaden Hardy,0.446106,WAS,SG,23,15.3725,6000000,1695202.8,-4304797.2
Herbert Jones,2.52059,NOP,SG,27,29.0784,13937574,9578242.0,-4359332.0
Malaki Branham,0.154749,CHA,PG,22,9.51724,4962033,588046.2,-4373986.8
Dalen Terry,0.256927,PHI,SF,23,11.617,5399118,976322.6000000001,-4422795.4
John Konchar,0.457976,UTA,SF,29,18.0,6165000,1740308.8,-4424691.2
Devin Vassell,5.8644,SAS,SG,25,30.5517,27000000,22284720.0,-4715280.0
Isaiah Jackson,0.732858,LAC,C,24,16.537,7600000,2784860.4,-4815139.6
Isaiah Stewart,2.68013,DET,C,24,23.3636,15000000,10184494.0,-4815506.0
Naz Reid,4.39837,MIN,C,26,26.0857,21551724,16713806.0,-4837918.0
LaMelo Ball,8.68702,CHA,PG,24,27.6349,37958760,33010676.0,-4948084.0
Ace Bailey,1.07273,UTA,SF,19,27.0781,9069840,4076374.0,-4993466.0
Dereck Lively II,0.0464689,DAL,C,21,16.4286,5253360,176581.82,-5076778.18
Jonas Valanciunas,1.39028,DEN,C,33,13.3276,10395000,5283064.0,-5111936.0
Harrison Barnes,3.65326,SAS,PF,33,26.3088,19000000,13882388.0,-5117612.0
Cade Cunningham,10.8605,DET,PG,24,34.3607,46394100,41269900.0,-5124200.0
Tidjane Salaun,0.720279,CHA,PF,20,15.8611,7863240,2737060.2,-5126179.8
Dillon Brooks,4.19786,PHX,PF,29,30.6,21124110,15951868.000000002,-5172241.999999998
Nikola Topic,-0.0508403,OKC,PG,20,10.4,5182920,-193193.13999999998,-5376113.14
Gary Harris,-0.472589,MIL,SG,31,13.6889,3634153,-1795838.2,-5429991.2
Devin Carter,-0.136164,SAC,PG,23,15.7333,4923720,-517423.2,-5441143.2
Nicolas Batum,0.0375289,LAC,PF,37,18.2687,5601600,142609.81999999998,-5458990.18
Dalton Knecht,-0.388127,LAL,SF,24,10.4082,4010160,-1474882.6,-5485042.6
Haywood Highsmith,0.221067,PHX,SF,29,13.3333,6443984,840054.6000000001,-5603929.4
Haywood Highsmith,0.221067,PHX,SF,29,13.3333,6443984,840054.6000000001,-5603929.4
Kobe Bufkin,-0.0399818,LAL,SG,22,8.18182,5480297,-151930.84,-5632227.84
Kobe Bufkin,-0.0399818,LAL,SG,22,8.18182,5480297,-151930.84,-5632227.84
Kobe Bufkin,-0.0399818,LAL,SG,22,8.18182,5480297,-151930.84,-5632227.84
Kobe Bufkin,-0.0399818,LAL,SG,22,8.18182,5480297,-151930.84,-5632227.84
Andrew Nembhard,3.23505,IND,PG,25,31.2182,18102000,12293190.0,-5808810.0
P.J. Washington,2.19143,DAL,PF,27,30.5273,14152174,8327434.0,-5824740.0
Jamal Murray,10.638,DEN,PG,28,35.1014,46394100,40424400.0,-5969700.0
Walter Clayton Jr.,-0.523326,MEM,SG,22,19.5873,3991320,-1988638.7999999998,-5979958.8
Isaac Okoro,1.31898,CHI,SF,24,26.8393,11000000,5012124.0,-5987876.0
Miles Bridges,4.99717,CHA,PF,27,31.4559,25000000,18989246.0,-6010754.0
Isaiah Collier,-0.913863,UTA,PG,21,25.7119,2638200,-3472679.4,-6110879.4
Trendon Watford,-0.964088,PHI,PF,25,16.98,2461463,-3663534.4,-6124997.4
Taylor Hendricks,-0.0389865,MEM,PF,22,18.7037,6127080,-148148.7,-6275228.7
AJ Johnson,-0.843795,DAL,SG,21,8.825,3090480,-3206421.0,-6296901.0
Jevon Carter,0.352221,ORL,PG,30,15.75,7680524,1338439.8,-6342084.2
Jevon Carter,0.352221,ORL,PG,30,15.75,7680524,1338439.8,-6342084.2
Nikola Vucevic,3.98138,BOS,C,35,29.0,21481481,15129244.0,-6352237.0
Luke Kennard,1.19583,LAL,SG,29,20.9855,11000000,4544154.0,-6455846.0
Ochai Agbaji,-0.0599097,BKN,SF,25,15.5,6383525,-227656.86000000002,-6611181.86
Tre Johnson,0.401103,WAS,SG,19,24.0714,8237640,1524191.4,-6713448.6
Khaman Maluach,-0.192998,PHX,C,19,8.0,6016080,-733392.4,-6749472.4
James Harden,8.53161,CLE,PG,36,35.1111,39182693,32420118.000000004,-6762574.999999996
Bruce Brown,-1.18502,DEN,SG,29,24.527,2296274,-4503076.0,-6799350.0
Blake Wesley,-0.306071,POR,PG,22,12.6296,5643732,-1163069.8,-6806801.8
Blake Wesley,-0.306071,POR,PG,22,12.6296,5643732,-1163069.8,-6806801.8
Zeke Nnaji,0.352733,DEN,C,25,11.8571,8177778,1340385.4000000001,-6837392.6
Buddy Hield,0.596549,ATL,SF,33,16.2041,9219512,2266886.2,-6952625.8
Desmond Bane,7.77857,ORL,SG,27,34.2192,36725670,29558566.0,-7167104.0
Cameron Johnson,3.63032,DEN,SF,29,30.4167,21057065,13795216.0,-7261849.0
Rudy Gobert,7.28589,MIN,C,33,31.4286,35000000,27686382.0,-7313618.0
Yang Hansen,-0.78252,POR,C,20,7.125,4422360,-2973576.0,-7395936.0
Kevon Looney,0.146218,NOP,C,29,13.8889,8000000,555628.3999999999,-7444371.6
Ousmane Dieng,-0.204566,MIL,SF,22,16.5319,6670882,-777350.8,-7448232.8
Ben Saraf,-1.22133,BKN,SG,19,19.2778,2884560,-4641054.0,-7525614.0
Jericho Sims,-1.38065,MIL,C,27,18.0526,2461463,-5246470.0,-7707933.0
Cole Anthony,-0.457153,PHX,PG,25,15.0286,5996274,-1737181.4,-7733455.4
Cole Anthony,-0.457153,PHX,PG,25,15.0286,5996274,-1737181.4,-7733455.4
Gary Trent Jr.,-1.07677,MIL,SF,26,21.05,3697105,-4091726.0,-7788831.0
Steven Adams,1.65158,HOU,C,32,22.8125,14130434,6276004.0,-7854430.0
Lonzo Ball,0.551024,CLE,SG,28,20.7714,10000000,2093891.2,-7906108.8
Josh Green,1.50191,CHA,SF,25,16.4082,13666667,5707258.0,-7959409.0
Rayan Rupert,-1.50959,MEM,SF,21,15.1864,2353647,-5736442.0,-8090089.0
Rayan Rupert,-1.50959,MEM,SF,21,15.1864,2353647,-5736442.0,-8090089.0
Grant Williams,1.44424,CHA,PF,27,19.2414,13645500,5488112.0,-8157388.0
Alex Caruso,2.60887,OKC,SF,31,18.46,18102000,9913706.0,-8188294.0
Ivica Zubac,2.81526,IND,C,28,30.125,18893980,10697988.0,-8195992.0
Jeremiah Fears,-0.222955,NOP,PG,19,24.8514,7520040,-847229.0,-8367269.0
Jaden Ivey,0.439858,CHI,SG,23,18.4324,10107163,1671460.4000000001,-8435702.6
Bobby Portis,1.28211,MIL,PF,30,24.1642,13445754,4872018.0,-8573736.0
Jeremy Sochan,-0.190007,NYK,PF,22,10.575,7874853,-722026.6000000001,-8596879.6
Jeremy Sochan,-0.190007,NYK,PF,22,10.575,7874853,-722026.6000000001,-8596879.6
Will Riley,-1.34763,WAS,SF,19,20.4219,3512520,-5120994.0,-8633514.0
Scoot Henderson,0.53613,POR,PG,21,23.6364,10748040,2037294.0,-8710746.0
De'Aaron Fox,7.46068,SAS,PG,28,31.2857,37096620,28350584.0,-8746036.0
Cam Thomas,-0.509577,MIL,SG,24,20.9524,6837779,-1936392.5999999999,-8774171.6
Cam Thomas,-0.509577,MIL,SG,24,20.9524,6837779,-1936392.5999999999,-8774171.6
Klay Thompson,2.03725,DAL,SG,35,21.9048,16666667,7741549.999999999,-8925117.0
Kevin Huerter,2.37781,DET,SG,27,22.1639,17991071,9035678.0,-8955393.0
Drake Powell,-1.474,BKN,SG,20,19.9455,3372240,-5601200.0,-8973440.0
Zaccharie Risacher,1.04217,ATL,SF,20,23.3729,13197720,3960246.0,-9237474.0
Daniel Gafford,1.34474,DAL,C,27,21.9412,14386320,5110012.0,-9276308.0
Cody Williams,-0.937111,UTA,PF,21,22.6897,5742480,-3561021.8000000003,-9303501.8
Matisse Thybulle,0.561211,POR,SF,28,13.3913,11550000,2132601.8000000003,-9417398.2
Santi Aldama,2.38549,MEM,PF,25,27.8605,18485916,9064862.0,-9421054.0
Pat Connaughton,0.336285,CHA,SG,33,7.4,10739683,1277883.0,-9461800.0
Pat Connaughton,0.336285,CHA,SG,33,7.4,10739683,1277883.0,-9461800.0
Aaron Gordon,3.51212,DEN,PF,30,27.4516,22841455,13346056.0,-9495399.0
OG Anunoby,7.89617,NYK,PF,28,33.2333,39568966,30005446.0,-9563520.0
Jordan Hawkins,-1.29443,NOP,SG,23,12.2273,4741320,-4918834.0,-9660154.0
Caleb Martin,-0.0449373,DAL,SF,30,14.7586,9594044,-170761.74,-9764805.74
Collin Sexton,2.39067,CHI,SG,27,22.7586,18975000,9084546.0,-9890454.0
Kyle Anderson,-0.209037,MIN,PF,32,19.1389,9219512,-794340.6,-10013852.6
Luguentz Dort,2.14062,OKC,SF,26,27.6,18222222,8134356.000000001,-10087866.0
Dennis Schroder,1.03048,CLE,PG,32,24.7742,14104000,3915824.0000000005,-10188176.0
Jarace Walker,-0.936535,IND,SF,22,26.0278,6665520,-3558833.0,-10224353.0
Keegan Murray,0.155958,SAC,PF,25,34.4783,11144093,592640.4,-10551452.6
Josh Giddey,3.79405,CHI,PG,23,32.1,25000000,14417390.0,-10582610.0
Jarred Vanderbilt,0.249029,LAL,PF,26,17.6316,11571429,946310.2,-10625118.8
Jakob Poeltl,2.33051,TOR,C,30,25.5,19500000,8855938.0,-10644062.0
Jordan Clarkson,0.594702,NYK,SG,33,18.1562,12947835,2259867.5999999996,-10687967.4
Jordan Clarkson,0.594702,NYK,SG,33,18.1562,12947835,2259867.5999999996,-10687967.4
Rob Dillingham,-1.08781,CHI,PG,21,13.4545,6576120,-4133678.0,-10709798.0
Kevin Durant,11.5323,HOU,PF,37,36.5652,54708609,43822740.0,-10885869.0
Mike Conley,0.160779,MIN,PG,38,18.0417,11499872,610960.2000000001,-10888911.8
Mike Conley,0.160779,MIN,PG,38,18.0417,11499872,610960.2000000001,-10888911.8
Nick Richards,-1.56268,CHI,C,28,14.5833,5000000,-5938184.0,-10938184.0
Terance Mann,1.18946,BKN,SG,29,24.3667,15500000,4519948.0,-10980052.0
Tyus Jones,-1.05226,DEN,PG,29,14.7619,7000000,-3998588.0,-10998588.0
Nolan Traore,-1.94259,BKN,PG,19,22.0612,3811560,-7381842.0,-11193402.0
Gabe Vincent,0.0278975,ATL,PG,29,17.0222,11500000,106010.5,-11393989.5
Maxi Kleber,-0.114612,LAL,C,33,10.6757,11000000,-435525.60000000003,-11435525.6
Jusuf Nurkic,2.0873,UTA,C,31,26.4146,19375000,7931740.0,-11443260.0
Isaiah Hartenstein,4.47744,OKC,C,27,24.8537,28500000,17014272.0,-11485728.0
CJ McCollum,5.00911,ATL,PG,34,29.6912,30666666,19034618.0,-11632048.0
Tre Mann,-0.956084,CHA,PG,24,13.4583,8000000,-3633119.2,-11633119.2
Andrew Wiggins,4.27251,MIA,SF,30,30.6441,28223215,16235537.999999998,-11987677.000000002
Corey Kispert,0.482397,ATL,SF,26,19.1538,13975000,1833108.6,-12141891.4
RJ Barrett,4.08191,TOR,SG,25,30.0208,27705357,15511257.999999998,-12194099.000000002
Kelly Olynyk,0.273122,SAS,C,34,8.775,13445122,1037863.5999999999,-12407258.4
Bub Carrington,-2.06926,WAS,SG,20,27.6528,4677600,-7863187.999999999,-12540788.0
Obi Toppin,0.370796,IND,PF,27,16.8667,14000000,1409024.8,-12590975.2
Tobias Harris,3.65448,DET,PF,33,28.25,26634146,13887024.0,-12747122.0
Jonathan Isaac,0.558909,ORL,PF,28,10.0,15000000,2123854.2,-12876145.8
Anthony Edwards,8.50048,MIN,SG,24,35.5172,45550512,32301824.0,-13248688.0
Kyle Kuzma,2.27997,MIL,PF,30,26.3692,22410605,8663886.0,-13746719.0
Caris LeVert,0.0752997,DET,SF,31,19.3846,14104000,286138.86,-13817861.14
DeMar DeRozan,2.76702,SAC,SF,36,31.6027,24570000,10514676.0,-14055324.0
Rui Hachimura,0.94125,LAL,PF,27,28.5254,18259259,3576750.0,-14682509.0
Dorian Finney-Smith,-0.53201,HOU,SF,32,16.8571,12700000,-2021638.0,-14721638.0
Alperen Sengun,5.05488,HOU,C,23,33.6349,33944954,19208544.0,-14736410.0
Nic Claxton,2.71723,BKN,C,26,28.1077,25352272,10325474.0,-15026798.0
Jrue Holiday,4.56607,POR,PG,35,28.8667,32400000,17351066.0,-15048934.0
Max Strus,0.197358,CLE,PF,29,24.2,15936452,749960.4,-15186491.6
Michael Porter Jr.,6.08711,BKN,SF,27,32.4615,38333050,23131018.0,-15202032.0
John Collins,2.96311,LAC,PF,28,27.45,26580000,11259818.0,-15320182.0
Myles Turner,2.58061,MIL,C,29,27.1061,25318251,9806318.0,-15511933.0
Bogdan Bogdanovic,0.12279,LAC,SG,33,20.381,16020000,466602.0,-15553398.0
Malik Monk,0.837984,SAC,SF,27,22.3158,18797619,3184339.1999999997,-15613279.8
Zach Collins,0.426249,CHI,C,28,18.3,18080496,1619746.2,-16460749.8
Karl-Anthony Towns,9.53243,NYK,C,30,30.8986,53142264,36223234.0,-16919030.0
Jalen Suggs,4.73392,ORL,PG,24,27.1042,35000000,17988896.0,-17011104.0
Anfernee Simons,2.57361,CHI,SG,26,24.9455,27678571,9779718.0,-17898853.0
Jerami Grant,3.56888,POR,PF,31,29.2456,32000001,13561744.0,-18438257.0
Kristaps Porzingis,2.9491,GSW,C,30,22.6296,30731707,11206580.0,-19525127.0
Zion Williamson,5.22714,NOP,PF,25,29.807,39446090,19863132.0,-19582958.0
Jaren Jackson Jr.,4.02712,UTA,PF,26,30.2917,35000000,15303056.0,-19696944.0
De'Andre Hunter,0.845592,SAC,SF,28,26.1111,23303571,3213249.6,-20090321.4
Kentavious Caldwell-Pope,0.291911,MEM,SG,32,21.3333,21621500,1109261.7999999998,-20512238.2
Draymond Green,1.36275,GSW,PF,35,27.4,25892857,5178450.0,-20714407.0
Lauri Markkanen,6.61684,UTA,PF,28,34.3333,46394100,25143992.0,-21250108.0
Jonathan Kuminga,0.590249,ATL,PF,23,23.2414,23799569,2242946.2,-21556622.8
Evan Mobley,6.5175,CLE,C,24,32.3793,46394100,24766500.0,-21627600.0
Tyler Herro,2.42172,MIA,SG,25,30.8077,31000000,9202536.0,-21797464.0
Brandon Ingram,4.13338,TOR,SF,28,34.0435,38095238,15706844.0,-22388394.0
Patrick Williams,-1.1726,CHI,PF,24,19.6613,18000000,-4455880.0,-22455880.0
Deandre Ayton,2.57592,LAL,C,27,27.5714,33654814,9788496.0,-23866318.0
Deandre Ayton,2.57592,LAL,C,27,27.5714,33654814,9788496.0,-23866318.0
Jaylen Brown,7.5762,BOS,SF,29,34.2769,53142264,28789560.0,-24352704.0
Pascal Siakam,5.47371,IND,PF,31,33.3966,45550512,20800098.0,-24750414.0
Bradley Beal,-0.0496121,LAC,SG,32,20.0,24737010,-188525.98,-24925535.98
Bradley Beal,-0.0496121,LAC,SG,32,20.0,24737010,-188525.98,-24925535.98
Franz Wagner,3.37615,ORL,PF,24,31.8214,38661750,12829370.0,-25832380.0
Dejounte Murray,1.17069,NOP,PG,29,27.75,30801103,4448622.0,-26352481.0
Darius Garland,3.43599,LAC,PG,25,29.6216,39446090,13056762.0,-26389328.0
Devin Booker,7.02335,PHX,SG,29,33.5263,53142264,26688730.0,-26453534.0
Giannis Antetokounmpo,7.19795,MIL,PF,31,28.8611,54126450,27352210.0,-26774240.0
Jalen Green,1.28245,PHX,SG,23,26.24,33584499,4873310.0,-28711189.0
Khris Middleton,0.641239,DAL,PF,34,23.5636,33296296,2436708.2,-30859587.8
Jordan Poole,0.196761,NOP,SG,26,24.0857,31848215,747691.7999999999,-31100523.2
Jimmy Butler III,5.87208,GSW,PF,36,30.2821,54126450,22313904.0,-31812546.0
LeBron James,4.96466,LAL,SF,41,33.5192,52627153,18865708.0,-33761445.0
Stephen Curry,6.75255,GSW,PG,37,31.3077,59606817,25659690.0,-33947127.0
Ja Morant,1.12618,MEM,PG,26,28.4,39446090,4279484.0,-35166606.0
Joel Embiid,5.18839,PHI,C,31,31.0882,55224526,19715882.0,-35508644.0
Paul George,3.24554,PHI,SF,35,30.3571,51666090,12333052.0,-39333038.0
Domantas Sabonis,0.731282,SAC,C,29,29.6316,42336000,2778871.6,-39557128.4
Zach LaVine,1.69543,SAC,SG,30,31.3846,47499660,6442634.0,-41057026.0
Trae Young,1.35122,WAS,PG,27,25.5333,46394100,5134636.0,-41259464.0
Anthony Davis,2.07558,WAS,C,32,31.25,54126450,7887204.0,-46239246.0
Jayson Tatum,0.681975,BOS,PF,27,30.3333,54126450,2591505.0,-51534945.0
